API Name,URL,Endpoint,Description,License,Content & Formats,Limitations,Documentation,How to Request Access,Last Sighted
ArXiv,https://info.arxiv.org/help/api/index.html,https://export.arxiv.org/api/query,"Extensive open-access repository for preprints (>2 million) in physics, mathematics, computer science, biology, finance, and statistics. A good complement to OpenAlex and PubMed Central.",✅ Freely accessible,"REST API (Atom 1.0 XML) | Full-text links (PDF) with structured metadata: Title, Author, Abstract, Subject category, ArXiv ID","No hard rate limit. Recommended: ~3 sec between requests | Max 30,000 results per query | Results returned in slices up to 2,000 | Queries with >1,000 results should be refined | No PDF bulk download via API (only individual links)","REST API User Manual | ArXiv API Quick Reference",No registration or API key required. Use responsibly per Terms of Use.,
CrossRef API,https://api.crossref.org/swagger-ui/index.html,https://api.crossref.org,"Publisher-supplied metadata including full-text URLs where available. Multiple APIs for querying, filtering, sorting, real-time updates, TDM license screening, and full-text links.",✅ Freely accessible | ⚠️ License required for Metadata Plus,"REST API (JSON) for selective queries | XML API (DOI and metadata queries) | Event Data API (events referencing DOIs in patents, social media, Wikipedia) | Metadata dumps (complete corpus as annual JSONL packages)",No explicit rate limits; responsible use expected. Not intended for bulk downloading.,"REST API | OpenAPI/Swagger | GitHub Quickstart | XML API | Dumps | Event Data API",No registration or API key required.,
Directory of Open Access Books,https://www.doabooks.org/en/article/api-search-doab,https://directory.doabooks.org/rest/,">100,000 peer-reviewed OA books from more than 600 publishers. Full texts hosted in OA publisher repositories or on OAPEN.",✅ Freely accessible | Metadata and OA full texts openly reusable,"REST API (JSON) for querying metadata and associated files (PDF, EPUB, and other formats) | Search fields follow Dublin Core conventions (e.g., dc.title, dc.creator, handle)",No explicit rate limits; responsible use expected.,"REST API | API Documentation | OAPEN",No registration or API key required.,
Directory of Open Access Journals,https://doaj.org/api/v4/docs,https://doaj.org/api/v4/,">20,000 quality-assured Open Access journals; >10 million articles with links to full texts.",✅ Freely accessible | Metadata openly reusable | No full texts included,"REST API (JSON) for metadata GET requests | Article and journal metadata (title, ISSN/EISSN, license, full-text URL, abstract, keywords, publisher) | Elasticsearch-based query syntax (e.g., bibjson.journal.title) | Use cases: OA corpus creation, TDM license screening, OA landscape analysis",No explicit rate limits; responsible use expected.,"DOAJ API Live Documentation | DOAJ Blog (API News)","No registration or API key required. API keys issued only to publishers who deposit metadata with DOAJ.",
Europe PMC,https://europepmc.org/RestfulWebService,https://www.ebi.ac.uk/europepmc/webservices/rest/,">33 million articles, preprints, and abstracts in the biomedical/life sciences domain, including 10.2 million full texts and >6.5 million OA articles. Sources: PubMed/Medline, Agricola, Chinese Biological Abstracts, European Patent Office, NICE, NHS Evidence.",✅ Freely accessible | ⚠️ Full-text access determined by article license status,"RESTful API (XML/JSON/DC) | SOAP API (XML) | Queryable data: annotations/extracted entities (gene, protein, chemical, disease, organism, GO terms, accession numbers), citations, references, database links, supplementary files, book HTML/XML/PDF links",No explicit rate limits; responsible use expected. Bulk download provided via FTP.,"EBI Search (Web, RESTful API, Webinar) | SOAP Web Service Guide | Europe PMC Annotations API",No registration or API key required.,
Europeana APIs,https://apis.europeana.eu/en,https://api.europeana.eu/record/v2/,"Access to rich cultural heritage data (images, text, audio, video, 3D objects) from thousands of institutions across Europe. Includes search, retrieval, and thumbnail APIs.",⚠️ API key required | Data under various open licenses (CC BY, CC0, etc.),"REST API (JSON, JSON-LD) | Search API | Record API | Thumbnail API | IIIF Manifest API","10,000 API calls/day (free tier)","Europeana API Documentation | API Console","API key required. Register at https://pro.europeana.eu/page/get-api",
JSTOR Text Analysis Support,https://support.jstor.org/hc/en-us/articles/32479181127575-JSTOR-Text-Analysis-Support-Getting-Started,N/A (no real-time API),"Text mining content including journals, OA eBooks, OCR data (Reveal Digital open collections), pamphlets, and research reports. Images and media excluded.",✅ Non-commercial research, teaching, and learning | ❌ Training third-party AI models not permitted,"No traditional real-time API | Metadata: JSONL dump (JSTOR Bibliographic Metadata File) | Full-text: custom datasets on demand | Data filterable using Python",Maximum dataset size: 1.5 million items,"Working with JSTOR Bibliographic Metadata | Working with JSTOR Full-Text Datasets","Submit a Data Set Request via JSTOR account. All requests must be approved. See JSTOR Text Analysis: Getting Started.",
GBIF API,https://techdocs.gbif.org/en/openapi/,https://api.gbif.org/,"Programmatic access to query and publish biodiversity occurrence data on GBIF.org. Enables advanced queries, workflow integration, script automation, and data embedding.","✅ Freely accessible | Data licensing varies per dataset; GBIF terms apply","REST API (JSON) | Key endpoints: Registry, Species, Occurrence, Maps (v2), Literature, Validator, Vocabularies, Analytics","HTTP 429 during high server load. For scripts taking >15 min, request a download instead. No guaranteed query rate. Recommended: set HTTP User-Agent to URL or email address.","GBIF OpenAPI Reference | GBIF Technical Documentation","Most queries: no authentication | POST/PUT/DELETE: GBIF account required (HTTP Basic Auth)",
Google Books API,https://developers.google.com/books/docs/v1/getting_started,https://www.googleapis.com/books/v1/,"Search and retrieve book volume metadata, manage personal bookshelves, retrieve reviews and reading positions. Embed Google Books features into websites and apps.",Content: CC BY 4.0 | Code samples: Apache 2.0 | ⚠️ API key required for public data,"REST API (JSON) | Endpoints: volumes (list/retrieve), bookshelves (list/retrieve/insert/update/delete) | Example: GET https://www.googleapis.com/books/v1/volumes?q=quilting",Rate limits not specified in documentation.,"Google Books API Documentation | Google API Console","API key required for public data (via Google API Console) | OAuth 2.0 required for private library operations",
Impresso,https://impresso-project.ch/datalab/,https://impresso-project.ch/public-api/v1/,"Historical newspaper and radio archive corpus from multiple European collections, enriched with machine learning (NER, text reuse, topic models). Covers articles, entities, media sources, collections, and text reuse clusters. Research project funded by Swiss and Luxembourg research foundations.","Python library: GNU AGPL v3 | Data access: registration required via Impresso Datalab | ❌ Commercial use not permitted without agreement","REST API (JSON) | Python client library (pip install impresso) | Resources: Search (articles by term/date/language/entity/topic) | Entities (persons, locations; Wikidata-linked) | Media Sources (newspapers/publications) | Collections (user-curated) | Text Reuse (clusters and passages) | NER/NEL tools | Results exportable as pandas DataFrame","Rate limits not publicly specified | Access restricted to registered users | Token-based authentication (stored in ~/.impresso_py.yml)","Impresso Datalab | Python Library Documentation (impresso-py) | Swagger API Docs | GitHub: impresso/impresso-py","Register at https://impresso-project.ch/datalab/ to obtain an access token. Authenticate via impresso.connect() in the Python library.",
Linked Data Service with DNB SPARQL Service,https://www.dnb.de/EN/Professionell/Metadatendienste/Datenbezug/LDS/lds.html,"SRU: https://services.dnb.de/sru/dnb | OAI-PMH: https://services.dnb.de/oai/repository | SPARQL (BETA): https://data.dnb.de/sparql","German National Library national bibliographic data and GND authority data in RDF format, contributing to the global semantic web.",CC BY 4.0,"RDF serializations: Turtle, RDF/XML, JSON-LD (UTF-8 NFD) | SRU interface (standard search) | OAI-PMH interface (metadata harvesting) | DNB SPARQL Service BETA (available since September 2025) | Data Shop (RDF downloads)","Rate limits not specified; contact metadatendienste@dnb.de","DNB LDS Documentation | Business Model | SPARQL Service","No authentication specified for read access. Contact: metadatendienste@dnb.de",
Nominatim,https://nominatim.org/release-docs/latest/,https://nominatim.openstreetmap.org/,"Search OSM data by name and address; reverse geocoding (generate addresses from coordinates); limited feature-type search (e.g., pubs, hotels, churches).",Open source (GNU GPL) | OSM data under ODbL,"REST API | Output formats: JSON, XML, GeoJSON, GeocodeJSON | Endpoints: /search, /reverse, /lookup, /status, /details","Max 1 request/sec on public instance (https://nominatim.openstreetmap.org/). No bulk geocoding. Self-hosting recommended for heavy use.","Nominatim API Documentation | Usage Policy","No API key required. Must comply with Nominatim Usage Policy. Self-hosting encouraged for high-volume use.",
OpenAlex,https://developers.openalex.org/api-reference/introduction,https://api.openalex.org/,"Open-source citation database with >450 million scholarly works. Open alternative to Scopus/Web of Science. Sources: Crossref, DOAJ, Microsoft Academic Graph, ORCID, Unpaywall, PubMed, PubMed Central, ROR. Covers grey literature, preprints, non-English research.",✅ Freely accessible (CC0) | ❌ Premium institution-level API access is fee-based,"REST API (JSON) | Endpoints: works, authors, sources, institutions, topics, publishers, funders | Complex filters supported (e.g., indexed by DOAJ) | Snapshots (JSONL): full database, updated monthly | Content API: PDF full texts (100 credits/PDF), TEI XML, Markdown (planned)","100 credits/24h without API key | 100,000 credits/24h with free API key | Max 100 queries/sec per user | Single entity = 1 credit; list of entities = 10 credits | Bulk PDF downloads require Enterprise credits","OpenAlex Web Interface | OpenAlex API Reference | Comparison with other scholarly data sources | Pricing and Rate Limits | Tutorials | Blog","Free API key required. See: https://docs.openalex.org/how-to-use-the-api/api-overview",
Open Parl Data API,https://opendata.ch/news/test-our-open-parl-data-api/,https://api.openparliament.ch/ (tentative),"Harmonized parliamentary data from 74 national, cantonal and municipal parliaments across 46 cities, 26 cantons, and 2 countries (Switzerland and Liechtenstein). Covers motions, votes, members, and sessions.",✅ Open data (opendata.ch),"REST API (JSON) | Data: parliamentary motions, votes, members, sessions | Coverage: national, cantonal, and municipal parliaments in CH/LI","Rate limits not specified; contact opendata.ch","opendata.ch announcement | Project documentation","Contact opendata.ch for access; API may still be in testing phase (as of August 2025)",
ORCID API,https://info.orcid.org/what-is-orcid/services/public-api/,https://pub.orcid.org/v3.0/,"Public API for non-member organizations to connect to the ORCID registry via machine-to-machine communications. Supports OAuth sign-in, ORCID iD collection, public record retrieval, and registry search.",ORCID Public APIs Terms of Service,"RESTful API | Formats: XML and JSON | Endpoints: OAuth sign-in, public data retrieval, registry search, ORCID iD validation","Rate limits not specified in documentation.","ORCID Public API Documentation | ORCID API Tutorial","Register application via ORCID Developer Tools (email verification required). Test on sandbox (sandbox.orcid.org) before production.",
Overpass API,https://wiki.openstreetmap.org/wiki/Overpass_API,"Main: https://overpass-api.de/api/interpreter | CH: https://overpass.osm.ch/api/interpreter","Read-only database API for querying OpenStreetMap data. Query by location, object type, tags, proximity, or combinations. Optimized for data consumers needing specific map elements.",GNU AGPL v3 | OSM data under CC BY-SA 2.0,"Query languages: Overpass QL, XML | Output formats: JSON, XML, CSV, GeoJSON, GPX","<10,000 queries/day and <1 GB/day recommended on public instances. Use a local instance for heavy workloads.","OSM Wiki: Overpass API | Overpass Turbo (interactive) | Overpass API Documentation",No API key required for public instances.,
PubMed Central,https://pmc.ncbi.nlm.nih.gov/tools/developers/,"E-Utilities: https://eutils.ncbi.nlm.nih.gov/entrez/eutils/ | OAI-PMH: https://www.ncbi.nlm.nih.gov/pmc/oai/oai.cgi | BioC API: https://www.ncbi.nlm.nih.gov/research/bionlp/APIs/BioC-PMC/","Full-text access to biomedical literature. Collections: PMC Open Access (full texts), Author Manuscript, Historical OCR (18th-20th century), LitArch Open Access.",✅ Freely accessible | CC licensing including commercial use | ⚠️ Full-text and TDM permissions determined by article license status,"Full-text formats: JSON, JATS-XML, TXT, BioC, PDF, media files | API services: PMC Cloud Service, PMC OAI-PMH, PMC FTP, E-Utilities, BioC API","Avoid multiple simultaneous queries. Bulk access must use FTP or Cloud Service; no API bulk download.","NCBI Developers Overview | E-Utilities Guide | BioC API Documentation | PMC FTP Service","No API key required, but NCBI requires clients to provide a tool name and email address.",
Semantic Scholar,https://www.semanticscholar.org/product/api,https://api.semanticscholar.org/,"REST API for academic literature. Academic Graph API: papers, authors, citations, venues, SPECTER2 embeddings. Recommendations API: similar papers. Datasets API: bulk downloads for local storage.",✅ Freely accessible (no CC license) | ⚠️ API usage governed by own license agreement,"REST API (JSON) | Academic Graph API | Recommendations API | Datasets API (bulk downloads)","Max 500 paper IDs per batch | Max 10 MB per response | Max 9,999 citations per call | Less restrictive with an API key (see documentation)","Semantic Scholar API Documentation | Python Client Library | API Tutorial","No API key required, but recommended. Individual license agreement required for use.",
Unpaywall,https://unpaywall.org/products/api,https://api.unpaywall.org/v2/,"DOI-based OA metadata API. Returns OA status (gold/green/hybrid/bronze/closed), license links, best_oa_location, and full-text URLs. Also supports title search.",✅ Freely accessible,"REST API (JSON) | DOI-based lookup | Title search (max 50 results/page) | Data dumps available for large-scale projects","<100,000 calls/24 hours | Title search: max 50 results/page | Large-scale projects: use data dumps","API Documentation | Unpaywall Support Portal | How to use the title search API | How Unpaywall is transforming Open Science","No API key required. Requests must include an email address as URL parameter (e.g., ?email=you@example.com).",
VIAF API,https://developer.api.oclc.org/viaf-api,https://viaf.org/viaf/,"Virtual International Authority File: linked authority data from national libraries worldwide. Virtually combines multiple LAM (Library, Archives, Museum) name authority files into a single service.",ODC Attribution License (ODC-By) | Attribution required,"JSON, XML, RDF | URI-based access with HTTP content negotiation | Example: https://viaf.org/viaf/49224511 | Data files available for bulk download","Rate limits not specified. Note: bulk data files last updated August 2024 (updates paused for security improvements).","OCLC Developer Portal (requires JavaScript) | VIAF Data Downloads","No API key required for public URI-based access. OCLC account may be required for full developer portal.",
Wikidata:SPARQL,https://www.wikidata.org/wiki/Wikidata:SPARQL_query_service,https://query.wikidata.org/sparql,"SPARQL query service for querying structured linked data in Wikidata. Powers the Wikidata Query Service web interface.",CC0 (public domain),"SPARQL 1.1 | Output formats: JSON, XML, CSV, TSV, Turtle, N-Triples, JSON-LD | Interactive: https://query.wikidata.org/","60-second query timeout | Max 5 concurrent queries per IP | No bulk download via SPARQL (use Wikidata dumps instead)","Wikidata SPARQL Query Service | SPARQL Tutorial | MediaWiki User Manual",No API key required.,
opendata.swiss API,https://handbook.opendata.swiss/de/content/nutzen/api-nutzen.html,https://ckan.opendata.swiss/api/3/action/,"Programmatic access to Switzerland's national open data catalog, built on the CKAN platform. Search datasets, retrieve metadata, manage resources.",Datasets under various open licenses | CKAN platform (open source),"REST API (JSON) | CKAN Action API | Key endpoints: package_search, package_show, organization_list, group_list, status_show | Response: JSON with help, success, result fields","Rate limits not specified.","opendata.swiss API Handbook | CKAN API Documentation","Read-only: no authentication required | Write operations (package_create, package_patch): API key required (available from user profile page in opendata.swiss backend)",
