API-Name,URL,Endpunkt,Beschreibung,Lizenz,Inhalte & Formate,Einschränkungen,Dokumentation,Zugangsbeschaffung,Zuletzt gesichtet
ArXiv,https://info.arxiv.org/help/api/index.html,https://export.arxiv.org/api/query,"Umfangreiches Open-Access-Repository für Preprints (>2 Millionen) aus Physik, Mathematik, Informatik, Biologie, Finanzwissenschaft und Statistik. Gute Ergänzung zu OpenAlex und PubMed Central.",✅ Frei zugänglich,"REST API (Atom 1.0 XML) | Volltext-Links (PDF) mit strukturierten Metadaten: Titel, Autor, Abstract, Fachkategorie, ArXiv-ID","Kein festes Anfragenlimit. Empfehlung: ~3 Sek. Pause zwischen Anfragen | Max. 30.000 Ergebnisse pro Abfrage | Ergebnisse in Scheiben bis zu 2.000 | Abfragen mit >1.000 Ergebnissen sollten verfeinert werden | Kein PDF-Massendownload über die API (nur Einzellinks)","REST API Benutzerhandbuch | ArXiv API Kurzreferenz",Keine Registrierung oder API-Schlüssel erforderlich. Verantwortungsvoller Umgang gemäß Nutzungsbedingungen.,
CrossRef API,https://api.crossref.org/swagger-ui/index.html,https://api.crossref.org,"Von Verlagen bereitgestellte Metadaten inkl. Volltext-URLs (sofern verfügbar). Mehrere APIs für Abfragen, Filterung, Sortierung, Echtzeit-Updates, TDM-Lizenzprüfung und Volltext-Links.",✅ Frei zugänglich | ⚠️ Lizenz für Metadata Plus erforderlich,"REST API (JSON) für gezielte Abfragen | XML API (DOI- und Metadatenabfragen) | Event Data API (Ereignisse mit DOI-Bezug aus Patenten, sozialen Medien, Wikipedia) | Metadaten-Dumps (vollständiges Korpus als jährliche JSONL-Pakete)",Keine expliziten Anfragenlimits; verantwortungsvoller Umgang wird erwartet. Nicht für Massendownloads vorgesehen.,"REST API | OpenAPI/Swagger | GitHub Quickstart | XML API | Dumps | Event Data API",Keine Registrierung oder API-Schlüssel erforderlich.,
Directory of Open Access Books,https://www.doabooks.org/en/article/api-search-doab,https://directory.doabooks.org/rest/,">100.000 begutachtete OA-Bücher von mehr als 600 Verlagen. Volltexte werden in OA-Verlagsrepositorien oder auf OAPEN gehostet.",✅ Frei zugänglich | Metadaten und OA-Volltexte frei nachnutzbar,"REST API (JSON) zur Abfrage von Metadaten und zugehörigen Dateien (PDF, EPUB und weitere Formate) | Suchfelder nach Dublin-Core-Konventionen (z.B. dc.title, dc.creator, handle)",Keine expliziten Anfragenlimits; verantwortungsvoller Umgang wird erwartet.,"REST API | API-Dokumentation | OAPEN",Keine Registrierung oder API-Schlüssel erforderlich.,
Directory of Open Access Journals,https://doaj.org/api/v4/docs,https://doaj.org/api/v4/,">20.000 qualitätsgeprüfte Open-Access-Zeitschriften; >10 Millionen Artikel mit Links zu Volltexten.",✅ Frei zugänglich | Metadaten frei nachnutzbar | Keine Volltexte enthalten,"REST API (JSON) für Metadaten-GET-Anfragen | Artikel- und Zeitschriftenmetadaten (Titel, ISSN/EISSN, Lizenz, Volltext-URL, Abstract, Schlagwörter, Verlag) | Elasticsearch-basierte Abfragesyntax (z.B. bibjson.journal.title) | Anwendungsfälle: OA-Korpuserstellung, TDM-Lizenzprüfung, OA-Landschaftsanalyse",Keine expliziten Anfragenlimits; verantwortungsvoller Umgang wird erwartet.,"DOAJ API Live-Dokumentation | DOAJ Blog (API-Neuigkeiten)","Keine Registrierung oder API-Schlüssel erforderlich. API-Schlüssel werden nur an Verlage vergeben, die Metadaten bei DOAJ einreichen.",
Europe PMC,https://europepmc.org/RestfulWebService,https://www.ebi.ac.uk/europepmc/webservices/rest/,">33 Millionen Artikel, Preprints und Abstracts aus dem biomedizinischen/biowissenschaftlichen Bereich, darunter 10,2 Millionen Volltexte und >6,5 Millionen OA-Artikel. Quellen: PubMed/Medline, Agricola, Chinese Biological Abstracts, Europäisches Patentamt, NICE, NHS Evidence.",✅ Frei zugänglich | ⚠️ Volltextzugang richtet sich nach dem Lizenzstatus des Artikels,"RESTful API (XML/JSON/DC) | SOAP API (XML) | Abfragbare Daten: Annotationen/extrahierte Entitäten (Gen, Protein, Chemikalie, Krankheit, Organismus, GO-Terme, Akzessionsnummern), Zitierungen, Referenzen, Datenbanklinks, Zusatzdateien, Buch-HTML/XML/PDF-Links",Keine expliziten Anfragenlimits; verantwortungsvoller Umgang wird erwartet. Massendownload über FTP verfügbar.,"EBI Search (Web, RESTful API, Webinar) | SOAP Web Service Guide | Europe PMC Annotations API",Keine Registrierung oder API-Schlüssel erforderlich.,
Europeana APIs,https://apis.europeana.eu/en,https://api.europeana.eu/record/v2/,"Zugang zu reichhaltigen Kulturdaten (Bilder, Texte, Audio, Video, 3D-Objekte) von Tausenden europäischen Institutionen. Enthält Such-, Abruf- und Thumbnail-APIs.",⚠️ API-Schlüssel erforderlich | Daten unter verschiedenen offenen Lizenzen (CC BY, CC0 usw.),"REST API (JSON, JSON-LD) | Search API | Record API | Thumbnail API | IIIF Manifest API","10.000 API-Aufrufe/Tag (kostenloser Tarif)","Europeana API-Dokumentation | API-Konsole","API-Schlüssel erforderlich. Registrierung unter https://pro.europeana.eu/page/get-api",
JSTOR Text Analysis Support,https://support.jstor.org/hc/en-us/articles/32479181127575-JSTOR-Text-Analysis-Support-Getting-Started,N/A (keine Echtzeit-API),"Text-Mining-Inhalte aus Zeitschriften, OA-E-Books, OCR-Daten (Reveal Digital Open Collections), Broschüren und Forschungsberichten. Bilder und Medien ausgenommen.",✅ Nicht-kommerzielle Forschung, Lehre und Lernen | ❌ Training von KI-Modellen Dritter nicht gestattet,"Keine klassische Echtzeit-API | Metadaten: JSONL-Dump (JSTOR Bibliographic Metadata File) | Volltext: individuelle Datensätze auf Anfrage | Daten mit Python filterbar",Maximale Datensatzgröße: 1,5 Millionen Einträge,"Arbeiten mit JSTOR-Bibliografiemetadaten | Arbeiten mit JSTOR-Volltextdatensätzen","Datensatzanfrage über JSTOR-Konto einreichen. Alle Anfragen müssen genehmigt werden. Siehe JSTOR Text Analysis: Getting Started.",
GBIF API,https://techdocs.gbif.org/en/openapi/,https://api.gbif.org/,"Programmatischer Zugang zur Abfrage und Veröffentlichung von Biodiversitätsdaten auf GBIF.org. Ermöglicht erweiterte Abfragen, Workflow-Integration, Skriptautomatisierung und Dateneinbettung.","✅ Frei zugänglich | Datenlizenzierung je nach Datensatz; GBIF-Nutzungsbedingungen gelten","REST API (JSON) | Wichtige Endpunkte: Registry, Species, Occurrence, Maps (v2), Literature, Validator, Vocabularies, Analytics","HTTP 429 bei hoher Serverlast. Für Skripte mit >15 Min. Laufzeit stattdessen einen Download anfordern. Keine garantierte Abfragerate. Empfehlung: HTTP-User-Agent auf URL oder E-Mail-Adresse setzen.","GBIF OpenAPI-Referenz | GBIF Technische Dokumentation","Meiste Abfragen: keine Authentifizierung | POST/PUT/DELETE: GBIF-Konto erforderlich (HTTP Basic Auth)",
Google Books API,https://developers.google.com/books/docs/v1/getting_started,https://www.googleapis.com/books/v1/,"Suche und Abruf von Buchmetadaten, Verwaltung persönlicher Bücherregale, Abruf von Rezensionen und Leseständen. Integration von Google Books-Funktionen in Webseiten und Apps.",Inhalte: CC BY 4.0 | Codebeispiele: Apache 2.0 | ⚠️ API-Schlüssel für öffentliche Daten erforderlich,"REST API (JSON) | Endpunkte: volumes (auflisten/abrufen), bookshelves (auflisten/abrufen/einfügen/aktualisieren/löschen) | Beispiel: GET https://www.googleapis.com/books/v1/volumes?q=quilting",Anfragenlimits in der Dokumentation nicht angegeben.,"Google Books API-Dokumentation | Google API Console","API-Schlüssel für öffentliche Daten erforderlich (über Google API Console) | OAuth 2.0 für private Bücherregale erforderlich",
Impresso,https://impresso-project.ch/datalab/,https://impresso-project.ch/public-api/v1/,"Historisches Zeitungs- und Radioarchiv-Korpus aus mehreren europäischen Sammlungen, angereichert durch maschinelles Lernen (NER, Textwiederverwertung, Themenmodelle). Umfasst Artikel, Entitäten, Medienquellen, Sammlungen und Textwiederverwertungs-Cluster. Forschungsprojekt gefördert durch schweizerische und luxemburgische Forschungsförderungen.","Python-Bibliothek: GNU AGPL v3 | Datenzugang: Registrierung über Impresso Datalab erforderlich | ❌ Kommerzielle Nutzung ohne Vereinbarung nicht gestattet","REST API (JSON) | Python-Clientbibliothek (pip install impresso) | Ressourcen: Suche (Artikel nach Begriff/Datum/Sprache/Entität/Thema) | Entitäten (Personen, Orte; Wikidata-verknüpft) | Medienquellen (Zeitungen/Publikationen) | Sammlungen (nutzerdefiniert) | Textwiederverwertung (Cluster und Passagen) | NER/NEL-Werkzeuge | Ergebnisse als pandas DataFrame exportierbar","Anfragenlimits nicht öffentlich angegeben | Zugang auf registrierte Nutzer beschränkt | Token-basierte Authentifizierung (gespeichert in ~/.impresso_py.yml)","Impresso Datalab | Python-Bibliothek Dokumentation (impresso-py) | Swagger API-Dokumentation | GitHub: impresso/impresso-py","Registrierung unter https://impresso-project.ch/datalab/ zum Erhalt eines Zugangs-Tokens. Authentifizierung über impresso.connect() in der Python-Bibliothek.",
Linked Data Service with DNB SPARQL Service,https://www.dnb.de/EN/Professionell/Metadatendienste/Datenbezug/LDS/lds.html,"SRU: https://services.dnb.de/sru/dnb | OAI-PMH: https://services.dnb.de/oai/repository | SPARQL (BETA): https://data.dnb.de/sparql","Nationalbibliografische Daten und GND-Normdaten der Deutschen Nationalbibliothek im RDF-Format als Beitrag zum globalen Semantic Web.",CC BY 4.0,"RDF-Serialisierungen: Turtle, RDF/XML, JSON-LD (UTF-8 NFD) | SRU-Schnittstelle (Standardsuche) | OAI-PMH-Schnittstelle (Metadaten-Harvesting) | DNB SPARQL Service BETA (verfügbar seit September 2025) | Data Shop (RDF-Downloads)","Anfragenlimits nicht angegeben; Kontakt: metadatendienste@dnb.de","DNB LDS-Dokumentation | Geschäftsmodell | SPARQL Service","Keine Authentifizierung für Lesezugriff angegeben. Kontakt: metadatendienste@dnb.de",
Nominatim,https://nominatim.org/release-docs/latest/,https://nominatim.openstreetmap.org/,"Suche in OSM-Daten nach Name und Adresse; Reverse Geocoding (Koordinaten in Adressen umwandeln); eingeschränkte Suche nach Objekttypen (z.B. Kneipen, Hotels, Kirchen).",Open Source (GNU GPL) | OSM-Daten unter ODbL,"REST API | Ausgabeformate: JSON, XML, GeoJSON, GeocodeJSON | Endpunkte: /search, /reverse, /lookup, /status, /details","Max. 1 Anfrage/Sek. auf der öffentlichen Instanz (https://nominatim.openstreetmap.org/). Kein Massen-Geocoding. Für intensiven Einsatz wird Self-Hosting empfohlen.","Nominatim API-Dokumentation | Nutzungsrichtlinien","Kein API-Schlüssel erforderlich. Einhaltung der Nominatim-Nutzungsrichtlinien erforderlich. Self-Hosting für hohe Anfragevolumen empfohlen.",
OpenAlex,https://developers.openalex.org/api-reference/introduction,https://api.openalex.org/,"Open-Source-Zitationsdatenbank mit >450 Millionen wissenschaftlichen Werken. Offene Alternative zu Scopus/Web of Science. Quellen: Crossref, DOAJ, Microsoft Academic Graph, ORCID, Unpaywall, PubMed, PubMed Central, ROR. Deckt graue Literatur, Preprints und nicht-englischsprachige Forschung ab.",✅ Frei zugänglich (CC0) | ❌ Premium-API-Zugang auf Institutionsebene ist kostenpflichtig,"REST API (JSON) | Endpunkte: works, authors, sources, institutions, topics, publishers, funders | Komplexe Filter unterstützt (z.B. in DOAJ indexiert) | Snapshots (JSONL): vollständige Datenbank, monatlich aktualisiert | Content API: PDF-Volltexte (100 Credits/PDF), TEI XML, Markdown (geplant)","100 Credits/24h ohne API-Schlüssel | 100.000 Credits/24h mit kostenlosem API-Schlüssel | Max. 100 Abfragen/Sek. pro Nutzer | Einzelne Entität = 1 Credit; Liste von Entitäten = 10 Credits | PDF-Massendownloads erfordern Enterprise-Credits","OpenAlex Weboberfläche | OpenAlex API-Referenz | Vergleich mit anderen wissenschaftlichen Datenquellen | Preise und Anfragenlimits | Tutorials | Blog","Kostenloser API-Schlüssel erforderlich. Siehe: https://docs.openalex.org/how-to-use-the-api/api-overview",
Open Parl Data API,https://opendata.ch/news/test-our-open-parl-data-api/,https://api.openparliament.ch/ (vorläufig),"Harmonisierte Parlamentsdaten aus 74 nationalen, kantonalen und kommunalen Parlamenten in 46 Städten, 26 Kantonen und 2 Ländern (Schweiz und Liechtenstein). Umfasst Motionen, Abstimmungen, Mitglieder und Sitzungen.",✅ Offene Daten (opendata.ch),"REST API (JSON) | Daten: parlamentarische Motionen, Abstimmungen, Mitglieder, Sitzungen | Abdeckung: nationale, kantonale und kommunale Parlamente in CH/LI","Anfragenlimits nicht angegeben; Kontakt: opendata.ch","opendata.ch-Ankündigung | Projektdokumentation","opendata.ch für Zugang kontaktieren; API befindet sich möglicherweise noch in der Testphase (Stand: August 2025)",
ORCID API,https://info.orcid.org/what-is-orcid/services/public-api/,https://pub.orcid.org/v3.0/,"Öffentliche API für Nicht-Mitgliedsorganisationen zur maschinellen Anbindung an das ORCID-Register. Unterstützt OAuth-Anmeldung, ORCID-iD-Erfassung, Abruf öffentlicher Datensätze und Registersuche.",Nutzungsbedingungen der ORCID Public APIs,"RESTful API | Formate: XML und JSON | Endpunkte: OAuth-Anmeldung, Abruf öffentlicher Daten, Registersuche, ORCID-iD-Validierung","Anfragenlimits in der Dokumentation nicht angegeben.","ORCID Public API-Dokumentation | ORCID API-Tutorial","Anwendung über ORCID Developer Tools registrieren (E-Mail-Verifizierung erforderlich). Vor dem Produktionsbetrieb auf der Sandbox (sandbox.orcid.org) testen.",
Overpass API,https://wiki.openstreetmap.org/wiki/Overpass_API,"Hauptinstanz: https://overpass-api.de/api/interpreter | CH: https://overpass.osm.ch/api/interpreter","Read-only-Datenbank-API zur Abfrage von OpenStreetMap-Daten. Abfragen nach Standort, Objekttyp, Tags, Nähe oder Kombinationen. Optimiert für Datenkonsumenten, die spezifische Kartenelemente benötigen.",GNU AGPL v3 | OSM-Daten unter CC BY-SA 2.0,"Abfragesprachen: Overpass QL, XML | Ausgabeformate: JSON, XML, CSV, GeoJSON, GPX","<10.000 Abfragen/Tag und <1 GB/Tag auf öffentlichen Instanzen empfohlen. Für intensive Nutzung lokale Instanz verwenden.","OSM-Wiki: Overpass API | Overpass Turbo (interaktiv) | Overpass API-Dokumentation",Kein API-Schlüssel für öffentliche Instanzen erforderlich.,
PubMed Central,https://pmc.ncbi.nlm.nih.gov/tools/developers/,"E-Utilities: https://eutils.ncbi.nlm.nih.gov/entrez/eutils/ | OAI-PMH: https://www.ncbi.nlm.nih.gov/pmc/oai/oai.cgi | BioC API: https://www.ncbi.nlm.nih.gov/research/bionlp/APIs/BioC-PMC/","Volltextzugang zu biomedizinischer Literatur. Sammlungen: PMC Open Access (Volltexte), Author Manuscript, Historical OCR (18.–20. Jh.), LitArch Open Access.",✅ Frei zugänglich | CC-Lizenzierung inkl. kommerzielle Nutzung | ⚠️ Volltext- und TDM-Berechtigungen richten sich nach dem Artikellizenzstatus,"Volltextformate: JSON, JATS-XML, TXT, BioC, PDF, Mediendateien | API-Dienste: PMC Cloud Service, PMC OAI-PMH, PMC FTP, E-Utilities, BioC API","Mehrere gleichzeitige Abfragen vermeiden. Massenzugriff muss über FTP oder Cloud Service erfolgen; kein API-Massendownload.","NCBI Entwicklerübersicht | E-Utilities Guide | BioC API-Dokumentation | PMC FTP-Dienst","Kein API-Schlüssel erforderlich, aber NCBI verlangt Angabe von Tool-Name und E-Mail-Adresse.",
Semantic Scholar,https://www.semanticscholar.org/product/api,https://api.semanticscholar.org/,"REST API für wissenschaftliche Literatur. Academic Graph API: Artikel, Autoren, Zitierungen, Veranstaltungsorte, SPECTER2-Embeddings. Recommendations API: ähnliche Artikel. Datasets API: Massendownloads für lokale Speicherung.",✅ Frei zugänglich (keine CC-Lizenz) | ⚠️ API-Nutzung unterliegt eigenem Lizenzvertrag,"REST API (JSON) | Academic Graph API | Recommendations API | Datasets API (Massendownloads)","Max. 500 Artikel-IDs pro Batch | Max. 10 MB pro Antwort | Max. 9.999 Zitierungen pro Aufruf | Mit API-Schlüssel weniger restriktiv (siehe Dokumentation)","Semantic Scholar API-Dokumentation | Python Client Library | API-Tutorial","Kein API-Schlüssel erforderlich, aber empfohlen. Individueller Lizenzvertrag für die Nutzung erforderlich.",
Unpaywall,https://unpaywall.org/products/api,https://api.unpaywall.org/v2/,"DOI-basierte OA-Metadaten-API. Liefert OA-Status (gold/grün/hybrid/bronze/closed), Lizenzlinks, best_oa_location und Volltext-URLs. Unterstützt auch Titelsuche.",✅ Frei zugänglich,"REST API (JSON) | DOI-basierte Abfrage | Titelsuche (max. 50 Ergebnisse/Seite) | Daten-Dumps für groß angelegte Projekte verfügbar","<100.000 Aufrufe/24 Stunden | Titelsuche: max. 50 Ergebnisse/Seite | Für groß angelegte Projekte: Daten-Dumps verwenden","API-Dokumentation | Unpaywall Support-Portal | Verwendung der Titelsuche API | Wie Unpaywall Open Science verändert","Kein API-Schlüssel erforderlich. Anfragen müssen eine E-Mail-Adresse als URL-Parameter enthalten (z.B. ?email=ihre@email.de).",
VIAF API,https://developer.api.oclc.org/viaf-api,https://viaf.org/viaf/,"Virtual International Authority File: Verknüpfte Normdaten nationaler Bibliotheken weltweit. Fasst mehrere LAM-Normdateien (Bibliotheken, Archive, Museen) in einem einzigen Dienst zusammen.",ODC Attribution License (ODC-By) | Namensnennung erforderlich,"JSON, XML, RDF | URI-basierter Zugang mit HTTP-Content-Negotiation | Beispiel: https://viaf.org/viaf/49224511 | Datendateien für Massendownload verfügbar","Anfragenlimits nicht angegeben. Hinweis: Massen-Datendateien zuletzt im August 2024 aktualisiert (Updates wegen Sicherheitsverbesserungen pausiert).","OCLC Developer Portal (erfordert JavaScript) | VIAF-Daten-Downloads","Kein API-Schlüssel für öffentlichen URI-basierten Zugang erforderlich. OCLC-Konto möglicherweise für das vollständige Entwicklerportal erforderlich.",
Wikidata:SPARQL,https://www.wikidata.org/wiki/Wikidata:SPARQL_query_service,https://query.wikidata.org/sparql,"SPARQL-Abfragedienst für strukturierte Linked Data in Wikidata. Betreibt die Wikidata Query Service-Weboberfläche.",CC0 (Gemeinfrei),"SPARQL 1.1 | Ausgabeformate: JSON, XML, CSV, TSV, Turtle, N-Triples, JSON-LD | Interaktiv: https://query.wikidata.org/","60-Sekunden-Abfragetimeout | Max. 5 gleichzeitige Abfragen pro IP | Kein Massendownload über SPARQL (stattdessen Wikidata-Dumps verwenden)","Wikidata SPARQL Query Service | SPARQL-Tutorial | MediaWiki Benutzerhandbuch",Kein API-Schlüssel erforderlich.,
opendata.swiss API,https://handbook.opendata.swiss/de/content/nutzen/api-nutzen.html,https://ckan.opendata.swiss/api/3/action/,"Programmatischer Zugang zum nationalen Open-Data-Katalog der Schweiz, aufgebaut auf der CKAN-Plattform. Datensätze suchen, Metadaten abrufen, Ressourcen verwalten.",Datensätze unter verschiedenen offenen Lizenzen | CKAN-Plattform (Open Source),"REST API (JSON) | CKAN Action API | Wichtige Endpunkte: package_search, package_show, organization_list, group_list, status_show | Antwort: JSON mit den Feldern help, success, result","Anfragenlimits nicht angegeben.","opendata.swiss API-Handbuch | CKAN API-Dokumentation","Lesezugriff: keine Authentifizierung erforderlich | Schreiboperationen (package_create, package_patch): API-Schlüssel erforderlich (im Nutzerprofil des opendata.swiss-Backends abrufbar)",
